id,TIN,NAME,RETUEN_TYPE,BUSINESS
1,5364511626,Upton Trenear,semper porta volutpat quam pede,Operative
2,5754722710,Edy Plumridege,blandit nam nulla integer pede,uniform
3,5905634475,Jennee Boorne,natoque penatibus et magnis dis,needs-based
4,9063993005,Shurlocke Meineking,in magna bibendum,encoding
5,1125906073,Madel Iannuzzi,amet sem fusce,encryption
6,1365197778,Joby Margaritelli,turpis sed ante,Phased
7,0422287334,Marion Twidle,ut massa quis,structure
8,0556888715,Fawn Jacobsohn,nulla tempus vivamus in felis,client-driven
9,9525851192,Meghann Roistone,luctus cum sociis natoque,migration
10,6113025683,Horatio Fleming,rutrum rutrum neque aenean auctor,foreground
11,6176285399,Lorilee Tolemache,luctus rutrum nulla tellus,scalable
12,9067570540,Latisha Bridge,tincidunt eu felis fusce,infrastructure
13,4379400840,Judy Buick,diam in magna bibendum imperdiet,approach
14,0729369528,Moe McIlory,duis bibendum felis sed interdum,clear-thinking
15,4849151264,Iosep Vasyanin,felis donec semper sapien a,Self-enabling
16,5826110376,Loreen Batha,semper porta volutpat,implementation
17,8187860405,Luci Coggan,luctus nec molestie,upward-trending
18,9871247087,Brigg Hackford,vehicula consequat morbi a,interactive
19,5483772318,Joannes Blaine,lorem quisque ut erat curabitur,Multi-lateral
20,3046966776,Catlaina Jenking,sed interdum venenatis turpis,bandwidth-monitored
21,3727916915,Emlynne Critchley,nec euismod scelerisque quam turpis,Vision-oriented
22,0361486170,Talbert Farriar,aenean fermentum donec ut,protocol
23,3489882040,Federica Cricket,erat vestibulum sed magna,multi-state
24,7032240593,Jayson Fosten,a ipsum integer a,superstructure
25,6058200199,Cristi Bolam,in hac habitasse,foreground
26,8650847773,Dallis Howood,sodales sed tincidunt,workforce
27,5713018385,Tammie Tarver,consequat morbi a,clear-thinking
28,3939264792,Kellina Tinner,scelerisque quam turpis,Profound
29,8971199938,Eleonora Ielden,lorem integer tincidunt,Compatible
30,2097227805,Jere Sutheran,viverra dapibus nulla suscipit,artificial intelligence
31,5446534700,Roley Lande,tellus in sagittis,website
32,1534182829,Shelly Tretter,at lorem integer tincidunt,initiative
33,0697854418,Lissy Athelstan,mauris morbi non lectus,Vision-oriented
34,1895474191,Em Dorset,vehicula consequat morbi a ipsum,executive
35,7955617592,Thorin Schohier,nibh in lectus,eco-centric
36,3548708978,Krishnah Handrock,aliquet maecenas leo odio condimentum,middleware
37,2889383067,Sukey Mibourne,erat curabitur gravida nisi,interface
38,9832445205,Hershel Ainsley,justo lacinia eget tincidunt eget,product
39,6422752210,Oswald Sigmund,hac habitasse platea dictumst maecenas,infrastructure
40,4808739747,Elroy Mingo,penatibus et magnis,software
41,1554186323,Lannie Gepheart,massa volutpat convallis morbi,process improvement
42,5168767885,Fredericka Barnett,dui luctus rutrum nulla tellus,Expanded
43,3957316081,Doralin Donnelly,diam in magna bibendum,internet solution
44,7115366179,Sean Beeck,ut odio cras mi pede,Synergistic
45,9033258234,Glenden Common,ut odio cras,empowering
46,9240034196,Boycey Shilstone,nisi nam ultrices libero non,context-sensitive
47,4050030950,Niko Juett,proin risus praesent lectus,Enterprise-wide
48,2656325897,Emmalynne Lukianov,amet diam in,Implemented
49,7279983278,Jobye Piotrowski,nec sem duis aliquam convallis,contingency
50,4248089254,Chery Clevely,mattis odio donec vitae nisi,benchmark
51,9794624004,Tarra Hurlestone,sed justo pellentesque viverra,Intuitive
52,0857715992,Fabe Carvil,eget orci vehicula condimentum,client-server
53,1369828217,Antonietta McHan,sagittis nam congue risus semper,neural-net
54,7270632847,Paulette Laffoley-Lane,donec pharetra magna vestibulum aliquet,Progressive
55,8774613820,Algernon Maghull,luctus cum sociis natoque,middleware
56,1204476683,Estrella Theaker,sit amet erat nulla,Innovative
57,2254896881,Octavia Bygott,interdum eu tincidunt,open system
58,2968664042,Darnell Laurenzi,quam suspendisse potenti,Fundamental
59,3710721229,Sofie Goodbarne,non ligula pellentesque ultrices phasellus,Adaptive
60,1678048488,Llywellyn Guilbert,quis tortor id,stable
61,1609175255,Jase Overall,non mauris morbi,high-level
62,4653297290,Margarethe Senten,metus sapien ut nunc vestibulum,encompassing
63,5126553763,Ignaz McMenemy,in faucibus orci luctus,toolset
64,2337476529,Constantine Purdon,mauris viverra diam,Extended
65,9397550950,Saunders Knightley,sapien non mi integer,stable
66,9618035190,Licha Cron,enim blandit mi,hybrid
67,3599230625,Lorilee Sherland,ultrices enim lorem ipsum dolor,ability
68,5406060708,Myrta Radwell,pellentesque ultrices phasellus,Proactive
69,4402293723,Kassey Olyunin,elementum pellentesque quisque porta,object-oriented
70,8736271896,Eula Stiff,donec ut dolor morbi vel,budgetary management
71,3916027840,Cynthie Brisco,accumsan tortor quis turpis sed,complexity
72,7753729330,Floyd Ledgerton,primis in faucibus orci,leading edge
73,6075664858,Mel Craufurd,integer tincidunt ante vel,functionalities
74,6363096960,Allan Filippello,nulla eget eros elementum pellentesque,extranet
75,2118800614,Annabell Rupprecht,lacinia eget tincidunt eget tempus,product
76,7480110472,Robbert Grichukhanov,vulputate justo in blandit,secured line
77,9143655459,Amelie Klosges,velit donec diam neque vestibulum,uniform
78,6058516323,Kerry Spire,dapibus at diam nam,Balanced
79,0652779093,Adams Hierro,ridiculus mus vivamus,tertiary
80,4392101304,Hyatt Topliss,ligula vehicula consequat,monitoring
81,9956469246,Yovonnda Vedekhov,eleifend luctus ultricies eu,Versatile
82,8886785542,Jessie Kollasch,in purus eu,infrastructure
83,8320232252,Stanleigh Mugglestone,urna pretium nisl,local
84,3847472399,Glynnis Pomeroy,curabitur at ipsum ac tellus,concept
85,4742693434,Daven Zorener,odio cras mi pede malesuada,needs-based
86,0322014018,Laryssa Hapgood,eget tincidunt eget tempus vel,protocol
87,0096547081,Bailie Whitehair,tincidunt ante vel ipsum,task-force
88,6205162709,Charlene De Angelo,adipiscing lorem vitae mattis nibh,bottom-line
89,1912138476,Saul Breach,dictumst aliquam augue quam,solution-oriented
90,8315326066,Lia Haskett,phasellus id sapien in sapien,cohesive
91,0915239574,Eula McTrustram,lorem ipsum dolor sit,installation
92,5508615776,Jorie Lievesley,magna bibendum imperdiet nullam orci,Intuitive
93,7650926842,Bambi Gildea,cursus vestibulum proin,adapter
94,1839069333,Zara Edmed,donec odio justo sollicitudin ut,Multi-tiered
95,5157437730,Constantine Virgo,id mauris vulputate,Customizable
96,7830362351,Charlot Firsby,consectetuer adipiscing elit proin,structure
97,7728807900,Ramsey Grinyer,aliquam lacus morbi quis,attitude
98,7939424785,Renee Worton,tincidunt ante vel ipsum,3rd generation
99,5102372696,Cari Garment,praesent blandit lacinia erat,human-resource
100,2390739040,Trever Dimock,phasellus id sapien in,mission-critical
101,9457466039,Maegan Palk,in faucibus orci luctus,Stand-alone
102,3818573972,Mercie Skehan,eleifend luctus ultricies eu,directional
103,5450670923,Mead O'Kynsillaghe,sapien quis libero nullam,interactive
104,5630695126,Randi Pittel,ipsum primis in faucibus orci,Quality-focused
105,4657669257,Celestyna Guarnier,pede ullamcorper augue a,Right-sized
106,2432274032,Melicent Carlan,ut mauris eget massa tempor,help-desk
107,6733739976,Candide Licquorish,at turpis donec posuere metus,Programmable
108,4911450134,Dalenna McClelland,maecenas rhoncus aliquam lacus morbi,challenge
109,5745103116,Brinna Chritchley,eget congue eget semper rutrum,task-force
110,5727861713,Ingaberg Pontain,morbi porttitor lorem,Universal
111,1506047661,Hamid Fairbrace,tellus semper interdum mauris,parallelism
112,1861364431,Jacquetta Brealey,bibendum morbi non quam nec,Customizable
113,1542871891,Kacie Briatt,amet turpis elementum,full-range
114,1927192560,Davin Basant,amet turpis elementum ligula vehicula,Networked
115,9261329667,Homere Klewi,nullam sit amet turpis elementum,Progressive
116,6653906884,Moise Simonitto,posuere nonummy integer non,Expanded
117,1470818094,Staci Dorie,nam ultrices libero,upward-trending
118,6635994467,Cory London,libero nullam sit amet turpis,Right-sized
119,8553153754,Jerrilyn Jirieck,vivamus metus arcu adipiscing molestie,maximized
120,1739643984,Dorine Bertrand,vel augue vestibulum rutrum,executive
121,3175598129,Fredelia Sharratt,semper porta volutpat,grid-enabled
122,5351746832,Tonie Sarton,ultrices posuere cubilia curae,mobile
123,0622843567,Alfredo Dyer,vel pede morbi porttitor,object-oriented
124,1990561764,Walden Senner,pellentesque ultrices phasellus id,service-desk
125,9006001430,Christoffer Slowey,vulputate justo in,emulation
126,6274322310,Billi Akam,ligula suspendisse ornare consequat lectus,intermediate
127,7546624606,Sim Jacomb,nulla pede ullamcorper augue,leading edge
128,6505917926,Marget Tilsley,placerat praesent blandit,project
129,7514170634,Emmey Innot,quam fringilla rhoncus mauris,executive
130,3068402034,Laurence Lower,ac diam cras,access
131,3079932137,Yalonda Jost,dapibus dolor vel est donec,zero defect
132,1887567011,Hobie Roath,quis tortor id,transitional
133,8691900296,Nisse Jimson,est lacinia nisi,Fundamental
134,7922836376,Terri-jo Fern,cras mi pede malesuada in,secured line
135,9975075762,Tamera Rawsthorn,amet eleifend pede,Programmable
136,9501536645,Lydon Coggon,scelerisque mauris sit,Cross-platform
137,1651576157,Roman Jorgensen,venenatis lacinia aenean sit amet,Innovative
138,6939242023,Maxim McGruar,odio consequat varius,protocol
139,2277159743,Tilly Baldelli,pellentesque viverra pede ac diam,maximized
140,8100302693,Dorena Dabs,luctus et ultrices posuere cubilia,structure
141,8532182224,Lindsey Tills,in congue etiam justo etiam,disintermediate
142,8872006619,Lin Lukasen,integer non velit donec,Business-focused
143,4386262172,Shalom Walthall,erat vestibulum sed magna at,disintermediate
144,0238147207,Selene Bugg,in purus eu magna vulputate,full-range
145,3268746276,Robinett Rechert,praesent blandit lacinia,internet solution
146,7926626554,Liza McCurlye,turpis sed ante vivamus tortor,installation
147,0251868605,Kessiah Brome,iaculis diam erat fermentum,modular
148,4288744873,Leonid Menloe,tempor turpis nec euismod scelerisque,Mandatory
149,8526500902,Simonne Heffron,sapien urna pretium nisl,success
150,1449655068,Else Mouser,pede lobortis ligula,concept
151,6038140891,Ancell Fagg,massa donec dapibus duis at,throughput
152,2238288201,Nat Goodlad,non quam nec,matrix
153,8832043882,Delcine Gillitt,magna bibendum imperdiet nullam,real-time
154,6066759809,Celestyna Wyett,sed vestibulum sit,Decentralized
155,4361346852,Cherish Van der Kruis,vel ipsum praesent blandit lacinia,matrices
156,8237311124,Suzanne Kingsley,sem mauris laoreet ut,complexity
157,6789070729,Mickey Hryskiewicz,montes nascetur ridiculus mus,Focused
158,2251420398,Lainey Godspeede,mollis molestie lorem quisque ut,Customer-focused
159,5441957298,Adriano Frangello,erat id mauris vulputate,neutral
160,0992572827,Krista Whelpton,id nisl venenatis lacinia,Re-contextualized
161,7391033901,Marmaduke Tamas,morbi odio odio,infrastructure
162,5139267659,Lorettalorna Landy,amet cursus id turpis integer,emulation
163,5529851568,Judy Bruckshaw,sem sed sagittis,Extended
164,5287132166,Thia Thickin,vestibulum sagittis sapien,Distributed
165,8027393965,Tadd Dungey,dui luctus rutrum nulla tellus,capability
166,5188847477,Trix Ralestone,nisi volutpat eleifend donec,analyzing
167,4427792421,Bunnie O'Doogan,maecenas rhoncus aliquam,heuristic
168,8834366883,Caprice Load,in eleifend quam,Reactive
169,9915650272,Fabian Hamman,ut rhoncus aliquet pulvinar,local area network
170,3073818065,Caria Houlston,urna pretium nisl,grid-enabled
171,9150289608,Aubrette Shrubshall,adipiscing elit proin,Front-line
172,2020976056,Mady Bentzen,posuere nonummy integer non,encoding
173,5294224569,Rory Fowlie,sapien in sapien,orchestration
174,6260846363,Rouvin De'Vere - Hunt,leo rhoncus sed vestibulum sit,access
175,3602778533,Shaine MacCumeskey,amet diam in magna,complexity
176,6268614720,Jaimie Gyurkovics,adipiscing elit proin,leverage
177,0487343700,Kelcy Staner,leo maecenas pulvinar lobortis est,Universal
178,3196041166,Eli Brik,luctus et ultrices posuere cubilia,intermediate
179,5044707805,Melesa Greatex,ipsum praesent blandit,encompassing
180,9330289223,Rozalin Somerton,pellentesque ultrices phasellus id,interactive
181,9761239659,Crosby Geaney,tellus semper interdum mauris ullamcorper,eco-centric
182,6700213673,Fabiano Jackett,tempor convallis nulla neque libero,Vision-oriented
183,8099768701,Karoly Flowerdew,nibh ligula nec sem duis,Integrated
184,0004594754,Gregoire Lowis,curabitur convallis duis,User-centric
185,1477723536,Ddene Pring,vivamus vestibulum sagittis sapien,interface
186,1660413931,Molly Dearman,amet eleifend pede,moderator
187,4433814725,Gretel O'Keevan,amet nunc viverra dapibus,Adaptive
188,4873945046,Peta Maha,eget orci vehicula condimentum,clear-thinking
189,4589196107,Mair Potkin,ante ipsum primis,Quality-focused
190,8860119545,Mose Sidnall,justo sit amet sapien dignissim,moderator
191,8882422801,Carey Clayborn,nec nisi volutpat eleifend donec,encoding
192,5937434285,Anallise Pether,molestie hendrerit at vulputate vitae,adapter
193,8719395817,Shermie Thacke,mi pede malesuada,directional
194,6861238066,Merilyn Bozward,eu sapien cursus vestibulum,secured line
195,7605438710,Tedi Domenichini,lectus vestibulum quam sapien,Decentralized
196,2227804556,Leone Nutten,non ligula pellentesque,Profit-focused
197,6791408332,Halimeda Dargue,at nunc commodo,Optimized
198,3965684280,Mario Gallihaulk,accumsan felis ut,access
199,8032390626,Eli Bonson,sem praesent id,installation
200,6244843894,Tani Wenderott,aenean fermentum donec,high-level
201,7122203263,Avictor Hayball,sapien placerat ante nulla justo,4th generation
202,7195062228,Gleda Maes,nam tristique tortor,discrete
203,1313179299,Breanne Jedrzejczak,metus arcu adipiscing molestie,approach
204,8262071816,Davon Kelemen,non lectus aliquam sit,database
205,0178391158,Harv McTaggart,ultrices enim lorem ipsum dolor,Adaptive
206,4525622296,Keane Shilito,nisi vulputate nonummy maecenas tincidunt,empowering
207,5144241077,Earl Rodman,ridiculus mus vivamus,Front-line
208,6006954885,Carita MacTrustam,et ultrices posuere cubilia curae,firmware
209,7975582581,Jonis Roskam,arcu sed augue,maximized
210,5149794562,Nikola Mingaye,semper rutrum nulla nunc purus,Triple-buffered
211,6538568777,Boyce Boatwright,etiam pretium iaculis,Intuitive
212,1008674257,Pearce Burris,nam congue risus,migration
213,7699759516,Elmer Springer,in quis justo,workforce
214,2014253382,Johanna Scurrey,lacinia sapien quis libero nullam,Networked
215,8422714280,Bernard Grinyakin,ut blandit non,De-engineered
216,2893021069,Catharine Board,ipsum primis in faucibus orci,zero defect
217,4090934796,Mavis Costellow,ut nulla sed,stable
218,5963181097,Tome Sharram,nunc donec quis,Profit-focused
219,7461278207,Vassili Willingale,amet cursus id turpis integer,user-facing
220,1668170388,Onofredo Sall,suscipit ligula in lacus curabitur,systematic
221,1003466303,Dillon Kahan,id nulla ultrices aliquet,extranet
222,3788241144,Jerrilyn Buckthorp,hendrerit at vulputate vitae nisl,real-time
223,6158694053,Alvina Handrick,erat tortor sollicitudin mi,Progressive
224,8165640887,Sandie Gonet,in porttitor pede,synergy
225,3281070590,Fidela Penton,pede ac diam cras pellentesque,Cloned
226,1604329262,Elisa Sheach,aliquam sit amet diam in,Polarised
227,0845782363,Elnar Paynes,nulla integer pede justo,middleware
228,9198964240,Fraser Kitchiner,orci vehicula condimentum curabitur,Automated
229,0077005295,Kaiser Macveigh,vestibulum ac est lacinia,projection
230,7527262605,Perrine Hulance,quam pharetra magna,success
231,1815540125,Anne-marie Duxbarry,a odio in hac habitasse,secured line
232,2330085281,Ileana Cuthbertson,sollicitudin mi sit amet lobortis,high-level
233,4536631046,Mile Bowdon,vel nulla eget eros elementum,zero tolerance
234,9570156511,Benjy Colin,turpis nec euismod,migration
235,4523798249,Johnette Ruddy,consequat in consequat ut nulla,matrix
236,6667130328,Wynne Cadigan,quam pede lobortis,workforce
237,1602215847,Adam Guilaem,nulla nisl nunc,upward-trending
238,2117129064,Jeniece Skea,feugiat et eros,ability
239,9951469914,Ad Prettyjohns,curae duis faucibus accumsan,Operative
240,6861037982,Adolpho Kimblin,nunc commodo placerat,Synergized
241,9036563925,Jerry Huxley,lorem vitae mattis nibh,Enhanced
242,1871980933,Zondra Creagh,ante ipsum primis in,maximized
243,6032507777,Mab Sallnow,in leo maecenas pulvinar lobortis,national
244,6095746531,Delcine Jentgens,quis orci nullam molestie,eco-centric
245,9231967789,Jaquelyn Ingram,justo eu massa donec dapibus,Ergonomic
246,7338446814,Rebeca Rofe,lobortis ligula sit amet eleifend,standardization
247,8328712199,Gates Attle,at diam nam,neutral
248,9277673133,Ashlan Cota,mattis pulvinar nulla pede ullamcorper,Cloned
249,3482885664,Ivar Pfleger,blandit nam nulla integer,radical
250,3666013724,Ethelind Zorer,tellus in sagittis dui,Synergistic
251,4107594599,Lesya Lennard,ac lobortis vel dapibus,Phased
252,8324624422,Julina Cesco,ante vel ipsum praesent blandit,implementation
253,3285018496,Kettie Kaemena,diam cras pellentesque,Centralized
254,4785882840,Demott Dorian,molestie sed justo pellentesque,Sharable
255,2006974343,Aubrey Petyt,sed magna at,responsive
256,7853579306,Llywellyn McFayden,duis consequat dui nec,static
257,0781510147,Jaquith Biaggioli,ipsum primis in,disintermediate
258,8429050574,Marsiella Tearle,amet consectetuer adipiscing,solution-oriented
259,9826692190,Julee Trask,vitae nisi nam ultrices libero,Reactive
260,6923807670,Padraig Arias,libero non mattis pulvinar nulla,Cross-platform
261,5453077638,Marlon Coddrington,lacinia aenean sit amet,multimedia
262,9718539514,Cordell Wimms,justo in hac habitasse,intangible
263,2432172337,Sanson Adamou,eu sapien cursus,frame
264,1436323193,Erastus Suermeiers,sapien dignissim vestibulum,Optional
265,9750899970,Etienne Zanazzi,faucibus orci luctus et,Multi-lateral
266,2861439874,Ginelle Trythall,justo eu massa,Customer-focused
267,2184660876,Bartolemo Reggio,hac habitasse platea dictumst morbi,Reactive
268,7429223729,Carlina Ganniclifft,amet lobortis sapien sapien,Automated
269,0788401696,Iago Jonke,hac habitasse platea dictumst maecenas,Inverse
270,5472135273,Ellynn Cattroll,dapibus nulla suscipit,optimal
271,8450816300,Maison Luchetti,ultrices erat tortor,Virtual
272,3127439792,Fairleigh Camois,consequat in consequat ut nulla,standardization
273,3274108391,Caprice Catford,pellentesque volutpat dui maecenas,heuristic
274,9643306127,Ardeen Durbyn,nibh in lectus pellentesque,knowledge base
275,3903769398,Torin Champion,nullam molestie nibh in lectus,implementation
276,7468678626,Cross Belchamp,hendrerit at vulputate,internet solution
277,5526544745,Jolee Seawell,sit amet eleifend pede,dynamic
278,0394335112,Matty Thyng,eu massa donec dapibus,pricing structure
279,6751098928,Celinda Moan,quisque ut erat,portal
280,2210380170,Drona Eykel,auctor gravida sem praesent id,human-resource
281,7271450696,Cullin Johncey,condimentum curabitur in libero ut,encryption
282,8111057032,Arthur Temporal,fermentum donec ut,Secured
283,8846639766,Carlos Scholefield,fusce consequat nulla,Secured
284,0806266597,Max Avraam,tempor convallis nulla neque,multimedia
285,9512081962,Lorrie Darke,posuere cubilia curae mauris viverra,maximized
286,3684477117,Van Philcott,natoque penatibus et magnis,human-resource
287,4451124603,Aubree Tweddle,ut mauris eget massa,extranet
288,6210632408,Fields Prestidge,elementum pellentesque quisque porta,Graphical User Interface
289,5382457700,Lorant Gilloran,in hac habitasse platea dictumst,infrastructure
290,7461442422,Rhiamon Langstaff,pellentesque at nulla suspendisse potenti,Multi-tiered
291,1087773075,Luci Ludwikiewicz,at velit eu est congue,utilisation
292,7668712763,Georgi Haines,cubilia curae mauris viverra,Expanded
293,0942293215,Joel Haestier,sed sagittis nam congue risus,fresh-thinking
294,3106405376,Virginie Billett,molestie nibh in lectus,Configurable
295,2788058845,Mallorie Don,diam vitae quam suspendisse potenti,web-enabled
296,6946389093,Sara-ann Houlaghan,ligula in lacus,composite
297,6163463315,Dicky Pull,ante nulla justo aliquam quis,Virtual
298,4069685596,Krishnah Schroter,odio porttitor id,encoding
299,6233618150,Yvon Tuffield,nec nisi volutpat eleifend,instruction set
300,0554001233,Audrie Sclanders,elementum in hac habitasse,circuit
301,5119133053,Peg Mutch,mus etiam vel,challenge
302,8008568720,Lil Haburne,mi sit amet,secured line
303,1069132322,Dian Thomassin,fermentum justo nec condimentum,secondary
304,3104866252,Sophey Frawley,lobortis ligula sit,Total
305,3173490339,Luisa MacMenamie,vel nisl duis ac,Centralized
306,0289808855,Arturo Camidge,pellentesque volutpat dui maecenas tristique,Open-source
307,1998107183,Griffie Dinneen,tincidunt eu felis fusce posuere,cohesive
308,7545762118,Tammi Dungey,urna ut tellus nulla,solution-oriented
309,0394050665,Madge Gamwell,maecenas ut massa quis augue,Centralized
310,5551594203,Natale Vynarde,eros viverra eget congue,hub
311,0482890746,Jobi Snartt,a libero nam dui proin,Up-sized
312,7523802370,Reggie Morefield,sem mauris laoreet,adapter
313,3682405240,Ardene Degnen,volutpat quam pede lobortis ligula,empowering
314,1690212217,Waite Swash,proin leo odio porttitor,model
315,5117626761,Jemmie Kmieciak,sit amet consectetuer,multi-tasking
316,6756228757,Violette Ewan,amet consectetuer adipiscing elit,Compatible
317,0429205538,Hollyanne Mosedill,id ligula suspendisse ornare consequat,Re-contextualized
318,0836650425,Hirsch Sibbering,molestie sed justo pellentesque viverra,Future-proofed
319,1499802420,Nickie Franzman,cursus id turpis integer,knowledge user
320,8774375024,Charleen De Moreno,scelerisque mauris sit,Pre-emptive
321,8834953533,Constancy Flude,pulvinar lobortis est,bandwidth-monitored
322,9888363735,Brandy Rout,quam sollicitudin vitae,impactful
323,9587588266,Durand Hunday,nisl ut volutpat sapien arcu,migration
324,2417835045,Don Reddington,eu mi nulla,logistical
325,8141994727,Conni Upjohn,interdum eu tincidunt,ability
326,7517095080,Charita Schimaschke,massa id lobortis convallis,matrices
327,9746153994,Romeo Cattlow,mus etiam vel,Multi-tiered
328,6305921954,Wileen Bergstrand,proin interdum mauris,user-facing
329,1564272672,Cam Labden,in congue etiam justo,Self-enabling
330,2519758287,Carlota Tegeller,id pretium iaculis,asynchronous
331,0566854805,Idalina Matthessen,purus aliquet at,database
332,1640880755,Lazar Cathesyed,in ante vestibulum ante,directional
333,0173446418,Kizzee Gallamore,quisque id justo sit,fault-tolerant
334,3556377616,Randal Castanyer,sapien placerat ante,collaboration
335,9478457144,Steven Pilch,in sapien iaculis congue,Automated
336,8476522371,Eugenio Springer,ante vestibulum ante ipsum,upward-trending
337,8896311969,Luther Tingly,etiam faucibus cursus,Team-oriented
338,0076506304,Abbe Lancetter,sit amet consectetuer adipiscing,methodology
339,4519274486,Ichabod Holdren,habitasse platea dictumst etiam faucibus,budgetary management
340,6037078971,Mimi Rideout,amet consectetuer adipiscing elit,Implemented
341,4751634283,Monique Tapping,ut massa volutpat,Virtual
342,0293492301,Gilburt Prettyjohn,augue aliquam erat volutpat,moderator
343,8822246772,Jabez Agott,mus etiam vel augue,parallelism
344,3600885731,Fonzie Delong,vestibulum ante ipsum,impactful
345,1359975764,Arvy Thornham,dis parturient montes nascetur ridiculus,orchestration
346,9208999564,Corty Tice,blandit lacinia erat vestibulum,database
347,2434943241,Katusha D'Emanuele,erat vestibulum sed magna at,superstructure
348,7190243127,Eileen Lenin,a feugiat et eros vestibulum,fault-tolerant
349,0716173255,Tisha Kinig,habitasse platea dictumst aliquam augue,Devolved
350,8857507998,Jerry Petti,consequat in consequat ut,Profound
351,8730487560,Hiram Bucknall,ipsum aliquam non mauris,Realigned
352,7497716816,Silvano Clissett,massa tempor convallis,Secured
353,8090210406,Cathryn Dinjes,amet sapien dignissim vestibulum,Compatible
354,2014840695,Kamila Leaney,pellentesque eget nunc donec quis,Universal
355,0941653501,Maryanne Gudger,ultrices enim lorem ipsum dolor,implementation
356,8836387438,Fonzie Search,sed magna at,matrix
357,6863694131,Doloritas Sealove,posuere cubilia curae nulla dapibus,matrix
358,8354191826,Elicia Twittey,fermentum justo nec,encryption
359,6135536753,Linnea McArtan,sit amet eleifend,leading edge
360,9033914425,Bernadene Kleinber,ipsum primis in,framework
361,6522506343,Jacobo Pattemore,nibh in lectus pellentesque,Realigned
362,5032763969,Ardath Grishanov,enim leo rhoncus sed,Configurable
363,0851651739,Melisse Moodycliffe,curae duis faucibus,encoding
364,0758686838,Micheline Reston,morbi porttitor lorem,Multi-layered
365,9304909996,Junie Fellis,tortor duis mattis,bifurcated
366,2872107177,Linea Admans,odio odio elementum,eco-centric
367,6650082635,Torrin Bullar,sit amet sapien dignissim,firmware
368,5970068217,Ashleigh Crockford,nulla ultrices aliquet,database
369,4444388218,Brand Weller,velit donec diam neque,project
370,4868950967,Clywd Fee,ipsum ac tellus semper,policy
371,0168368331,George Gelletly,praesent blandit lacinia,demand-driven
372,7744994744,Horst Molyneux,ultrices posuere cubilia curae mauris,website
373,9601943161,Ignazio Konertz,mi in porttitor pede justo,Profound
374,3500072879,Ophelia Brosini,odio porttitor id,analyzer
375,3872776606,Timothee Torricella,donec ut dolor,Function-based
376,7238975238,Alexio Bennedick,semper porta volutpat quam,Open-architected
377,4890026843,Jeanette Loxton,rhoncus aliquet pulvinar sed,motivating
378,6608763603,Shayla Norrie,hac habitasse platea,Open-architected
379,0408350717,Francine Burgot,ipsum praesent blandit lacinia,task-force
380,6208983177,Rodney Dibbs,tincidunt eget tempus vel,Multi-layered
381,2688597159,Janie Mardling,justo in blandit ultrices,Vision-oriented
382,7711759304,Jarrad Skyme,aliquet massa id lobortis convallis,static
383,2077939656,Lesly Calderbank,lobortis est phasellus sit amet,pricing structure
384,1907206884,Sonya Mosedill,sed interdum venenatis turpis,capacity
385,4978354285,Zackariah Bonafacino,eros elementum pellentesque quisque porta,executive
386,4091060714,Kayley Jannex,justo pellentesque viverra,De-engineered
387,5859992238,Lucky McVittie,eleifend quam a,context-sensitive
388,2573426785,Noami Guidone,sociis natoque penatibus,coherent
389,0246294779,Lishe Glancy,pellentesque quisque porta volutpat,Future-proofed
390,5525268981,Jordan Mouan,odio justo sollicitudin ut,Compatible
391,4421458015,Jeannine Mignot,accumsan tortor quis,alliance
392,4374679626,Eugenius Gladtbach,ac lobortis vel dapibus at,Programmable
393,7521353870,Cal Elfleet,in faucibus orci,executive
394,6777387978,Tammie Scarce,dolor sit amet consectetuer,infrastructure
395,6992427458,Caterina de Werk,ligula in lacus,parallelism
396,9234379624,Regina Luparti,ultrices aliquet maecenas leo odio,artificial intelligence
397,7986811838,Wilow By,vulputate nonummy maecenas tincidunt,actuating
398,4377649833,Kenna Larderot,in faucibus orci,algorithm
399,2021315762,Ibbie Applewhaite,libero ut massa,approach
400,2882658613,Westbrooke Klimowicz,in hac habitasse platea dictumst,Stand-alone
401,0949796174,Aldin Nafziger,ligula vehicula consequat morbi a,Adaptive
402,5122496080,Hort Botwright,mauris laoreet ut,Upgradable
403,6637095869,Dermot Begbie,magna vulputate luctus cum,Re-engineered
404,4538278645,Jany Haldin,faucibus orci luctus et ultrices,Realigned
405,7209560920,Patty Luckman,eleifend pede libero,Enterprise-wide
406,7722200737,Luke Gergus,velit nec nisi,mission-critical
407,7499157229,Devlin Bithell,pellentesque viverra pede,User-centric
408,8196697570,Vikky MacKettrick,lorem integer tincidunt ante vel,orchestration
409,0319484181,Adrian Radmer,pretium nisl ut volutpat,Ameliorated
410,8079482926,Sapphira Haugeh,tellus semper interdum mauris ullamcorper,Synchronised
411,4369517869,Falito Trathen,in libero ut massa volutpat,leading edge
412,9967364092,Trent Cuel,massa donec dapibus duis,executive
413,0054424305,Hoyt Dewsbury,suspendisse potenti nullam,regional
414,1459616529,Keefer Barrasse,malesuada in imperdiet et,client-server
415,9028060146,Lissy Baden,mus etiam vel augue,Persevering
416,1920741755,Alethea Lutwidge,habitasse platea dictumst aliquam,definition
417,8771102175,Garrard Rushman,vestibulum ac est lacinia,maximized
418,1951267664,Luis Skipp,integer a nibh in quis,asynchronous
419,9069993279,Florrie Dei,lacinia erat vestibulum sed,system-worthy
420,9105846471,Dov Wagstaff,ornare consequat lectus in est,fresh-thinking
421,9380283717,Meagan Guerreau,gravida nisi at nibh,Multi-tiered
422,3158133652,Keenan Hollingsby,sed magna at,disintermediate
423,6105672497,Dilly Fusedale,penatibus et magnis,Optional
424,9848323082,Ajay Rodrigues,lorem ipsum dolor sit,fault-tolerant
425,0423301799,Meggi Kneafsey,magnis dis parturient montes,Customer-focused
426,7160908848,Conny Holbarrow,felis sed lacus morbi,Grass-roots
427,4032385688,Keven Purple,sed lacus morbi sem mauris,uniform
428,1943778620,Leonanie Kember,velit eu est,Seamless
429,6291948036,Gretta Twomey,vitae quam suspendisse,multimedia
430,7698433137,Patsy McIlvaney,sit amet lobortis sapien,groupware
431,2873885912,Donn Rief,egestas metus aenean fermentum,methodical
432,4175876138,Bruce Cuffley,luctus et ultrices,Profit-focused
433,5092834056,Carlota Benny,sit amet sem,solution-oriented
434,3804334660,Melicent Currington,nisl nunc nisl,Open-source
435,5420137569,Sigismondo Lowseley,non interdum in ante vestibulum,motivating
436,5938234646,Kat Simonetti,vulputate elementum nullam,coherent
437,7960310874,Hobard Cockling,tempus sit amet,Enterprise-wide
438,1415324441,Urbano Firmin,nisl ut volutpat sapien arcu,framework
439,0491550669,Trudey Thewless,ut mauris eget,Reverse-engineered
440,9426266895,Hynda Bracknell,non quam nec dui,utilisation
441,2551785723,Lorie Twort,nullam sit amet turpis,Upgradable
442,8739442004,Annmaria Huerta,turpis sed ante vivamus tortor,benchmark
443,3051264253,Cherlyn Carriage,eu nibh quisque,interactive
444,6310579142,Patricia Aspinall,sed augue aliquam erat,Robust
445,5433815900,Abeu Stranahan,libero convallis eget eleifend luctus,Future-proofed
446,9829261697,Bernete Plows,leo rhoncus sed vestibulum,Ameliorated
447,1807301249,Eleonora Cousens,consequat ut nulla sed accumsan,clear-thinking
448,9482655745,Colene Jandak,sit amet cursus id turpis,reciprocal
449,8065412335,Myron Raselles,mi integer ac,migration
450,5729349394,Bax Rameau,condimentum id luctus,real-time
451,9602855037,Chad Manners,scelerisque quam turpis adipiscing lorem,Multi-tiered
452,7908794513,Dasha Sayers,maecenas rhoncus aliquam lacus morbi,maximized
453,0426621875,Ansley Kliemke,at velit vivamus vel nulla,multi-state
454,0245876324,Chryste Mawson,integer ac neque duis,transitional
455,1830139924,Heath Domsalla,justo sollicitudin ut suscipit a,high-level
456,2969064065,Vassili Drewe,dui luctus rutrum nulla,Organic
457,1054147043,Annabell Wellman,iaculis diam erat,portal
458,0363845682,Desiree Battista,erat fermentum justo nec,fault-tolerant
459,8395541546,Alaster Spence,potenti in eleifend quam,Organic
460,3991435624,Barrie Brine,vestibulum sit amet cursus id,Mandatory
461,1245744917,Izak Dahlbom,nibh in hac habitasse platea,superstructure
462,4228729037,Kassandra Grissett,at turpis a,Re-engineered
463,2830766350,Darby Torres,suspendisse potenti in,secondary
464,3935154593,Jameson Durant,mi nulla ac enim,parallelism
465,5160219714,Noella Phette,molestie lorem quisque ut,throughput
466,9227351523,Malena Gawkes,magnis dis parturient montes nascetur,Proactive
467,0268924805,Elora Gabbatiss,ligula sit amet eleifend pede,analyzing
468,2956577565,Nichole Tremolieres,turpis elementum ligula vehicula,Virtual
469,2489461230,Tome MacAne,odio porttitor id,success
470,4208334401,Blanche Kenrat,risus praesent lectus vestibulum,stable
471,3229924665,Thibaud Pischoff,elementum nullam varius,Adaptive
472,3192208864,Tad Tripon,turpis sed ante vivamus tortor,Graphical User Interface
473,7100699525,Clara Agates,sit amet consectetuer adipiscing elit,attitude
474,5995874659,Meridith McCloy,morbi quis tortor,Pre-emptive
475,2070434400,Peyter Leyband,in lacus curabitur at ipsum,Reduced
476,3113637910,Joana Grivori,consequat nulla nisl nunc,info-mediaries
477,6710115097,Caralie Gisburn,duis bibendum morbi non quam,secured line
478,0874048532,Lyman Obbard,ipsum primis in,tangible
479,2107894485,Karl Catherick,nibh in lectus pellentesque at,system-worthy
480,0600065111,Evaleen Prin,venenatis turpis enim,protocol
481,9615614920,Jenda Kingsly,vestibulum velit id pretium iaculis,motivating
482,9377212707,Pincas Grigolli,diam erat fermentum,conglomeration
483,4947517638,Brock Deverale,nulla integer pede justo,encompassing
484,9346134054,Sydney Levi,felis fusce posuere felis,interactive
485,3537452128,Gipsy Fairrie,sed interdum venenatis,Upgradable
486,7156230719,Alysia Lippiello,eu sapien cursus,methodology
487,6963419485,Ricky Di Pietro,tempor convallis nulla,customer loyalty
488,9674471766,Pierson Tindall,turpis integer aliquet massa id,Re-contextualized
489,7073605189,Drusie Fleischmann,odio porttitor id consequat,Cross-group
490,6927194916,Gwyneth Tomovic,convallis eget eleifend,static
491,1389056538,Eleanore Grece,ante vel ipsum praesent,implementation
492,5061534670,Adler Mithan,lacinia aenean sit amet justo,multi-state
493,9830877035,Tobit Davidde,proin at turpis a,service-desk
494,1934690554,Nikola Drains,magna at nunc,knowledge base
495,8809415019,Romain Astin,eu magna vulputate,application
496,6275238097,Martina Kerkham,neque duis bibendum morbi non,success
497,9796353288,Pen Videler,a odio in,superstructure
498,2656593654,Siffre Seivwright,ut volutpat sapien arcu,migration
499,3779537087,Sileas Poinsett,sit amet lobortis,Universal
500,0832886033,Theressa Martinolli,odio donec vitae nisi,modular
501,9008259672,Gabrielle Craney,eros viverra eget congue eget,radical
502,1719094853,Trent Cashmore,nulla neque libero,zero administration
503,0769720218,Claiborn Broscombe,metus sapien ut nunc,Persistent
504,2822245711,Codi O'Shields,turpis eget elit,Adaptive
505,3096629366,Wendie Cess,praesent blandit lacinia,Face to face
506,2561059634,Kristi Garlinge,nullam sit amet turpis elementum,project
507,9104588592,Rosette Werndly,turpis donec posuere metus vitae,Future-proofed
508,7774897909,Guthrie Kleinlerer,eu tincidunt in leo maecenas,Vision-oriented
509,4695739127,Elisabeth Tamsett,nunc nisl duis bibendum felis,client-server
510,9527118751,Moselle Elwell,dapibus nulla suscipit ligula,Switchable
511,2189768594,Consuelo Shenfisch,neque vestibulum eget vulputate,open system
512,7130888067,Gian Branscomb,odio odio elementum,collaboration
513,9098835368,Flinn Botting,convallis morbi odio odio elementum,empowering
514,1454216271,Gladys Sleany,in hac habitasse platea,hybrid
515,5011145298,Dallas Cheake,rhoncus dui vel sem,4th generation
516,8084596136,Atalanta Massei,ornare imperdiet sapien,service-desk
517,7815073875,Kean Lohering,nulla mollis molestie lorem quisque,alliance
518,7814338190,Adella McClaren,aliquam lacus morbi quis,hybrid
519,7258030239,Georgeanna Keeble,donec ut mauris eget,secondary
520,3336471230,Brianna Daysh,nunc rhoncus dui,Robust
521,0780072820,Marietta Dwelley,massa quis augue luctus,actuating
522,5708912960,Shepperd Brandreth,at ipsum ac tellus,24/7
523,8119146425,Cordula Lawry,magna vestibulum aliquet ultrices,projection
524,0464796970,Sergeant Routhorn,libero non mattis pulvinar nulla,interactive
525,1713944669,Winslow Coskerry,diam neque vestibulum eget vulputate,algorithm
526,7230184169,Marinna Litzmann,ullamcorper augue a suscipit,asymmetric
527,7716470639,Orelie De Paoli,posuere nonummy integer,optimal
528,8004692664,Giraldo Landsberg,vel dapibus at diam,Adaptive
529,8299954355,Bunni Rawood,vestibulum ante ipsum primis in,installation
530,1975445325,Merv Tylor,eleifend pede libero,ability
531,7173543126,Gretchen Murrigan,eget tincidunt eget tempus vel,protocol
532,9145015872,Oralee Culpin,quam fringilla rhoncus mauris enim,mission-critical
533,5200084555,Delmer Pley,dui proin leo odio porttitor,interactive
534,7356276364,Conan Davsley,primis in faucibus orci,fresh-thinking
535,7053224279,Ester Evenden,odio curabitur convallis,Enterprise-wide
536,6531469129,Lockwood Batham,ac nulla sed vel enim,initiative
537,3439484599,Rufus O'Cahill,venenatis lacinia aenean sit amet,Universal
538,7837882245,Berna Mathou,suspendisse accumsan tortor quis,well-modulated
539,5444981661,Ed Furniss,ut erat id mauris vulputate,leverage
540,1698697155,Hermina Paumier,nonummy maecenas tincidunt lacus,logistical
541,4971348549,Peria Wainscoat,pharetra magna vestibulum aliquet ultrices,Customer-focused
542,7839710794,Tove Churchouse,ultrices posuere cubilia curae duis,parallelism
543,0582365635,Valdemar Iamittii,turpis integer aliquet,Face to face
544,6398917715,Viola Garfitt,felis sed lacus morbi sem,secured line
545,7747451660,Agata Di Iorio,ipsum primis in faucibus,Re-engineered
546,3724292295,Saxon Dando,velit donec diam neque,algorithm
547,9466667629,Peggy Rudwell,morbi quis tortor id,systematic
548,8127109576,Joeann Doy,non mattis pulvinar nulla pede,radical
549,0430963149,Ban Kinker,montes nascetur ridiculus,task-force
550,8104475290,Jen Borgesio,id nisl venenatis lacinia,Balanced
551,9400030088,Fidel Drivers,nunc viverra dapibus,encompassing
552,3004628767,Cordie Petersen,at ipsum ac,Right-sized
553,1746540966,Karil Wittman,vel enim sit amet,Synergized
554,6548223977,Raine Baus,sed lacus morbi,migration
555,6053459216,Howie Mongeot,donec odio justo sollicitudin ut,Profound
556,9508607475,Rodina Semple,pellentesque quisque porta,fresh-thinking
557,2630818411,Kory Durrant,convallis nulla neque,Ameliorated
558,8887287058,Innis Grodden,faucibus cursus urna ut,logistical
559,8692322342,Verla Trahear,ultricies eu nibh quisque,collaboration
560,3691225888,Caresse Diego,et ultrices posuere cubilia curae,Vision-oriented
561,7174955231,Tybi Lozano,ultrices erat tortor,executive
562,2724266927,Coretta Sennett,odio curabitur convallis duis,attitude-oriented
563,3383350169,Kathye Chetham,commodo vulputate justo,Virtual
564,5486303815,Ann Van den Velden,erat nulla tempus vivamus,capability
565,2598816978,Lanita Christall,nibh quisque id justo sit,Ameliorated
566,6309418122,Gerrie Reihm,volutpat erat quisque erat eros,archive
567,2543156909,Rriocard McPartlin,luctus nec molestie sed justo,definition
568,2043146033,Penelopa Ceeley,orci pede venenatis non sodales,Versatile
569,0583174027,Loria Carabet,nisl duis ac nibh,Synergized
570,8792720617,Britt Maggill'Andreis,venenatis turpis enim,uniform
571,0875015042,Rasia Bamlett,dictumst maecenas ut massa quis,Profit-focused
572,2976222770,Elwin Robjents,urna pretium nisl,time-frame
573,1825674841,Latrina Povah,pellentesque ultrices mattis odio donec,radical
574,0992691079,Rhoda Towse,at feugiat non,conglomeration
575,8394277128,Dinny Priestman,sed lacus morbi sem mauris,systematic
576,0188292977,Fabiano Brims,vel est donec odio justo,Reactive
577,5676722479,Perry Huccaby,tempor turpis nec,paradigm
578,1497168074,Rafaelita Haquin,enim sit amet nunc viverra,ability
579,8195142788,Angel Holah,euismod scelerisque quam,encryption
580,2764988850,Poul Bynold,in hac habitasse platea dictumst,stable
581,6211336713,Brett Stilliard,ut nunc vestibulum,neural-net
582,4400372472,Isadora Spuffard,in eleifend quam a,intangible
583,6845316848,Martynne Dunnion,sociis natoque penatibus et,hybrid
584,7479400640,Barclay Romei,elementum in hac,eco-centric
585,3217205081,Merlina De Mattia,in felis donec semper sapien,Front-line
586,1074092589,Conchita Farlow,sed tincidunt eu,analyzing
587,5568163537,Conway Dadson,quis turpis eget elit sodales,3rd generation
588,1645345831,Valentino Reicherz,semper porta volutpat quam,Cross-group
589,9790988680,Christiano Macro,ut ultrices vel augue vestibulum,Enterprise-wide
590,2306203660,Suzy Omand,morbi non quam,Proactive
591,8277786662,Sibby Coot,velit donec diam,Diverse
592,2039234691,Vivyan Jinda,sagittis nam congue risus semper,array
593,6288640034,Mikol Pautot,ante ipsum primis in,Synergized
594,0471002720,Lenora Spyvye,integer aliquet massa id lobortis,analyzing
595,2428842609,Lynelle Conigsby,porta volutpat erat quisque erat,projection
596,3705753630,Darb Shafe,est congue elementum in hac,multimedia
597,7658532592,Dodi Bagehot,vel sem sed,bifurcated
598,3848561336,Shana Muzzollo,purus eu magna vulputate luctus,Assimilated
599,5983624938,Jerry Kightly,at turpis donec posuere metus,system-worthy
600,4221533951,Shirleen Whisby,massa id nisl venenatis lacinia,multi-state
601,4972607823,Cissiee Bracer,justo morbi ut odio cras,Re-contextualized
602,4804285903,Agnes MacDowal,vestibulum aliquet ultrices erat,Devolved
603,0556531078,Laurie Walak,nunc proin at turpis,pricing structure
604,7178873078,Lauritz Richards,ut rhoncus aliquet pulvinar sed,infrastructure
605,3615193857,Robbie Huban,tempus semper est quam pharetra,forecast
606,0871474174,Fidelia McHaffy,fermentum justo nec condimentum,reciprocal
607,8521547072,Jone Aggs,dolor sit amet consectetuer,success
608,3461741221,Binky Yacob,sed augue aliquam,help-desk
609,5957451282,Chuck Lambotin,ligula in lacus,workforce
610,3398123244,Ardis Renackowna,justo sollicitudin ut suscipit,Multi-tiered
611,9571823678,Loralie Bohin,dis parturient montes nascetur ridiculus,intangible
612,3571588231,Ferdy Vass,nam nulla integer,monitoring
613,9035834410,Lyndsie McQuillan,morbi non lectus aliquam,Ameliorated
614,3953139479,Gordon Eakin,dui vel nisl duis,Fundamental
615,4009735686,Alexei Cords,adipiscing elit proin risus,Triple-buffered
616,7355399675,Paulita Stivers,vel dapibus at,content-based
617,6224337160,Emmalyn Leebetter,sit amet nulla quisque,Cloned
618,8975139077,Darbee Desborough,nascetur ridiculus mus etiam,benchmark
619,4531475011,Lenci Oxe,libero nullam sit amet turpis,structure
620,6520067644,Iver Wyborn,sapien arcu sed augue aliquam,didactic
621,4517123316,Kermy Worwood,in hac habitasse platea,secondary
622,8969791876,Jania Bardill,turpis elementum ligula vehicula consequat,user-facing
623,0747041040,Reinhard Yakovliv,nulla facilisi cras non,collaboration
624,0995039542,David Mapplebeck,magna vulputate luctus cum sociis,leverage
625,2562258304,Myrta Kornel,pede posuere nonummy,web-enabled
626,8815581103,Sandor Lamport,ullamcorper augue a suscipit,secondary
627,3420170882,Bella Braddick,est congue elementum in hac,success
628,3158258579,Penni MacCart,id turpis integer aliquet,Persistent
629,0141689404,Grazia Avrahm,quisque erat eros viverra,tertiary
630,5927910238,Mortimer Josephson,dolor quis odio,Visionary
631,1797977466,Valida Woollhead,in faucibus orci luctus,global
632,1793560730,Joela Barrett,sit amet sem fusce consequat,Polarised
633,2618649559,Robinette Fronks,adipiscing elit proin,client-server
634,3368895990,Skipp Ketteringham,consequat morbi a ipsum integer,mission-critical
635,0448813866,Alecia Dimblebee,lacus morbi quis,superstructure
636,9255690310,Panchito Fincher,in hac habitasse platea,extranet
637,8598064750,Pammie O'Mara,tempor turpis nec euismod scelerisque,pricing structure
638,7231882749,Theodore Gippes,congue vivamus metus,bifurcated
639,5809031668,Bonnee Esparza,eget congue eget semper,Secured
640,4301692169,Warner Moughtin,faucibus orci luctus et,focus group
641,2900149886,Livvyy Labuschagne,cubilia curae nulla,access
642,5039560834,Felike Esilmon,ipsum primis in,Compatible
643,2805534204,Moritz Burrill,sapien cursus vestibulum proin,architecture
644,6884933224,Timofei Amberg,ac est lacinia nisi venenatis,frame
645,9994665995,Marne Dufour,sed lacus morbi sem,Fully-configurable
646,6574406056,Baron Curcher,ultrices mattis odio donec vitae,artificial intelligence
647,8020243542,Jecho Roisen,interdum venenatis turpis enim,interface
648,6119978208,Sara Bauld,viverra dapibus nulla suscipit ligula,content-based
649,2208177819,Catlin Krauss,tortor duis mattis egestas metus,interface
650,4291418612,Thia Lutas,luctus tincidunt nulla mollis,paradigm
651,6678887697,Wynny Jeannard,cras non velit,actuating
652,0798797770,Benedikta Twycross,lacinia nisi venenatis tristique fusce,3rd generation
653,7864463908,Nigel Bour,quis turpis eget elit sodales,leverage
654,0410381861,Ranique Beinisch,dapibus dolor vel est,real-time
655,7013684376,Vyky Osban,arcu sed augue,Upgradable
656,0724764615,Wayne Achromov,vulputate vitae nisl,attitude
657,5553356067,Jimmie Kendell,purus sit amet,Integrated
658,0606677895,Alberik Wasmuth,proin leo odio,needs-based
659,0547418566,Raye Sturney,id nisl venenatis,time-frame
660,7706521931,Giralda Pedrozzi,elementum nullam varius nulla,Profound
661,2711024253,Ara Simmance,nunc purus phasellus in felis,monitoring
662,6360495414,Franciskus Boutell,nisi at nibh in hac,Programmable
663,6902904626,Ddene Broom,neque sapien placerat,Multi-lateral
664,5301405845,Nickolaus Stedson,tellus nisi eu orci,Synchronised
665,0407871217,Rolfe Childs,amet sapien dignissim,De-engineered
666,5429139823,Maia Morgen,quis orci nullam molestie,optimal
667,9211607957,Briano Goddman,in purus eu magna,toolset
668,5999435900,Amalle Suddock,elementum ligula vehicula,Inverse
669,7479314663,Grenville Stendell,nec molestie sed justo pellentesque,Graphical User Interface
670,8965795826,Inessa Faulconbridge,consequat dui nec nisi volutpat,high-level
671,3231963486,Quinn Poxson,mattis egestas metus,tangible
672,9557913045,Ada Ballston,suscipit a feugiat et,User-centric
673,9314889491,Rriocard Weth,ultrices posuere cubilia curae duis,grid-enabled
674,5734765627,Hobart McCuish,bibendum felis sed interdum venenatis,concept
675,1098123190,Konstanze Fullman,quisque erat eros viverra eget,function
676,9637528792,Lyndell Mathan,sit amet justo morbi ut,Balanced
677,9654852802,Goraud Flipek,vel lectus in quam fringilla,conglomeration
678,7043669073,Alex Farrington,amet sapien dignissim,process improvement
679,3321932733,Barnabe Folbige,justo etiam pretium iaculis justo,zero defect
680,0428881971,Hoyt Belfrage,pharetra magna vestibulum aliquet,regional
681,5165243133,Stanford Headland,orci vehicula condimentum,disintermediate
682,9148415111,Ethelred Falcus,rutrum neque aenean,Quality-focused
683,3089154625,Jane Twittey,augue aliquam erat volutpat in,process improvement
684,6518658967,Noel Dominick,a suscipit nulla,Horizontal
685,8117347644,Audrye Luparti,magnis dis parturient montes nascetur,software
686,2063841764,Galvin Gittoes,nulla nunc purus phasellus in,functionalities
687,0724133720,Dame Gaiter,augue luctus tincidunt nulla mollis,directional
688,2424536341,Nolan Garrold,vestibulum proin eu,systemic
689,1130846938,Kettie Ansty,interdum venenatis turpis enim blandit,encompassing
690,5825079688,Eddi Whittock,dui luctus rutrum nulla tellus,analyzer
691,8478680713,Leupold Martugin,nullam varius nulla facilisi cras,Seamless
692,2511776480,Carley Coyle,in hac habitasse platea,empowering
693,6009837812,Jess Goaley,faucibus orci luctus et,parallelism
694,1084208725,Teddi Fairbrace,libero quis orci,logistical
695,6597024923,Johna Juggings,sapien cum sociis natoque,Synergistic
696,9307112703,Gustave Elies,vestibulum proin eu mi,instruction set
697,9095248593,Kinny Henstone,vehicula condimentum curabitur in,Intuitive
698,5824100691,Griz Streetfield,faucibus orci luctus,Programmable
699,5116319105,Josefa Jaggar,velit vivamus vel nulla,human-resource
700,7162904971,Terencio Flucker,curae nulla dapibus dolor vel,zero defect
701,5456398214,Georges Buessen,lacus at turpis donec posuere,solution-oriented
702,4197514131,Currie Gaskoin,nunc nisl duis bibendum,adapter
703,4916751922,Coleen Dennehy,eget eros elementum pellentesque,Balanced
704,2323304127,Gretta Blannin,duis at velit eu est,conglomeration
705,9290748540,Kylila Belle,dapibus dolor vel,optimizing
706,1318021057,Zeke Farquarson,faucibus accumsan odio curabitur convallis,parallelism
707,0668971851,Royal Allmark,suspendisse potenti cras,Open-source
708,8057148888,Jarrid Yekel,non mauris morbi non,well-modulated
709,8718120296,Dunc Stavers,magna at nunc commodo,website
710,4899590377,Gwenora Roeby,curae donec pharetra,fresh-thinking
711,4943077528,Amelia Davidsen,ut suscipit a,solution
712,5955415270,Forrest Wethers,nisl duis bibendum felis sed,client-driven
713,9688495425,Kelbee Shepheard,sem sed sagittis nam,Customizable
714,2494817285,Aleta Osmint,sagittis sapien cum sociis,Decentralized
715,1748373447,Gaylene Oxbrough,eget elit sodales scelerisque mauris,Sharable
716,6324778312,Kristofor Knapman,ac lobortis vel dapibus,Persistent
717,6216610244,Shelba Danilenko,nulla mollis molestie lorem quisque,toolset
718,3625878542,Emory Boerder,habitasse platea dictumst maecenas ut,toolset
719,2816952428,Margo Ephgrave,nulla eget eros elementum,Business-focused
720,6242416948,Danielle Gusticke,condimentum curabitur in,intranet
721,6336960188,Tierney Hewell,gravida nisi at,foreground
722,7990126060,Raf Mackneis,sapien arcu sed augue aliquam,asynchronous
723,8915492315,Manya Montford,blandit lacinia erat vestibulum,data-warehouse
724,8348198520,Opalina Stonbridge,vel pede morbi porttitor lorem,solution
725,7306682598,Nita Pietrowski,aliquet at feugiat,client-driven
726,9424460503,Lil Emmerson,morbi vel lectus in quam,monitoring
727,0637984544,Jocelin Caron,volutpat sapien arcu sed augue,solution-oriented
728,2519287748,Laraine Farney,consectetuer eget rutrum at,empowering
729,9182252777,Evelyn Starling,odio in hac habitasse,support
730,9318788444,Ame Bolderoe,eu est congue,Monitored
731,2362995763,Westley Embling,volutpat eleifend donec,architecture
732,7299829258,Renelle Aslam,a feugiat et eros,needs-based
733,5296522281,Tyrone Marvell,viverra pede ac,matrices
734,4821941651,Ami Robic,amet diam in magna bibendum,contextually-based
735,3466486327,Tris Dumbarton,auctor gravida sem praesent,framework
736,2043930885,Hallsy Yuryaev,venenatis lacinia aenean,De-engineered
737,4369046637,Guntar Cobelli,donec vitae nisi nam ultrices,transitional
738,5121696264,Kelsy Cisson,tincidunt nulla mollis,Sharable
739,2943937355,Bengt Waddingham,ridiculus mus etiam vel,encompassing
740,3925966277,Weider Longworthy,risus semper porta,next generation
741,0712679006,Jermain De Ath,mi sit amet lobortis sapien,bifurcated
742,7133891581,Bryana Signori,libero quis orci,24/7
743,4054733751,Lowell Clutten,eget orci vehicula condimentum curabitur,reciprocal
744,1410342050,Fleming Screen,nisl ut volutpat sapien arcu,analyzing
745,6246100198,Christi ffrench Beytagh,rhoncus sed vestibulum sit amet,circuit
746,2400459169,Cristen Bleasdille,eu tincidunt in,circuit
747,4532498406,Nonah Lindenstrauss,nulla ac enim,interactive
748,3563709378,Audry Garard,ligula sit amet eleifend,intermediate
749,9086300855,Theodosia Chuter,id nulla ultrices aliquet maecenas,neutral
750,1919649875,Michaela Follin,nibh in lectus,intermediate
751,8558185255,Lind Scantleberry,nulla tempus vivamus in felis,system engine
752,2654916448,Nigel Croy,orci nullam molestie nibh,toolset
753,1108395228,Ninnetta Meak,aliquet at feugiat,Open-architected
754,9448004931,Lenka Swanston,in faucibus orci,Balanced
755,9973287436,Barn Franciottoi,magnis dis parturient,executive
756,6343921761,Nancee Hissett,leo maecenas pulvinar lobortis est,mobile
757,1154682501,Jaquelyn Janaud,nibh in quis justo maecenas,firmware
758,0540511692,Raoul Harland,diam vitae quam suspendisse,workforce
759,0873249860,Jammie Darleston,consequat metus sapien ut nunc,hierarchy
760,7761572712,Mitchell Bigrigg,lorem ipsum dolor,conglomeration
761,5377004361,Gale Polfer,in porttitor pede,Distributed
762,2257917839,Ariadne Ionnisian,leo odio condimentum id luctus,attitude-oriented
763,9156568649,Durant Fenge,cras non velit nec,Robust
764,0780990773,Catarina Wincott,vulputate elementum nullam,uniform
765,9158135960,Odessa Wisniewski,cras non velit nec nisi,system-worthy
766,1059866447,Gianni Glidder,auctor gravida sem,background
767,5059639479,Town Wheal,libero nam dui proin leo,optimal
768,3092814827,Audre Ferrarone,faucibus cursus urna ut,fresh-thinking
769,2511158698,Junie Ingle,donec dapibus duis at,context-sensitive
770,1355219884,Lynnelle Worsnop,pede ullamcorper augue a suscipit,Seamless
771,0501540571,Alwyn Phoenix,id sapien in sapien iaculis,incremental
772,5195715335,Lynnet Custance,aenean fermentum donec ut mauris,projection
773,8528155730,Farlie Cowely,metus arcu adipiscing,toolset
774,3494276781,Wilone Kibble,elementum in hac habitasse,success
775,4562147261,Byram Sinclaire,justo sollicitudin ut suscipit a,Cross-group
776,9361057286,Marcello Jallin,purus aliquet at,circuit
777,7669174684,Janna Nossent,platea dictumst etiam faucibus cursus,didactic
778,4577983990,Star Leckenby,in eleifend quam a odio,Graphical User Interface
779,9318072066,Molly Teffrey,tempus vel pede morbi,global
780,0618127194,Harwell Lightowlers,rhoncus aliquam lacus morbi quis,coherent
781,6637390887,Manfred Dobbson,consequat in consequat,Distributed
782,2065173564,Sybil Arlidge,elit ac nulla,Ameliorated
783,0446214248,Chickie Gullan,velit donec diam neque vestibulum,tangible
784,7028110303,Lilia Mullord,nullam molestie nibh in,Optimized
785,3371975657,Merna Keefe,natoque penatibus et,attitude-oriented
786,2601691298,Malvina McLardie,nunc commodo placerat praesent blandit,Re-contextualized
787,3859178466,Chad Cruxton,gravida sem praesent id,Multi-lateral
788,5091636609,Vincenty D'Arrigo,molestie nibh in lectus pellentesque,benchmark
789,5845837065,Yetta Standell,diam cras pellentesque,Networked
790,1719978441,Nananne Prettejohns,nunc vestibulum ante,moderator
791,6047271952,Alidia Brockway,id nulla ultrices,Business-focused
792,6671385335,Jeane Rought,enim in tempor turpis nec,Total
793,7715305553,Adolphus Yanin,libero convallis eget eleifend,value-added
794,2649793139,Levon Vidineev,erat vestibulum sed magna,value-added
795,7287337851,Julia Crowther,curae donec pharetra magna,Configurable
796,8027477999,Pearline O'Loughlin,blandit non interdum,knowledge user
797,8655272248,Berny Pillington,ac lobortis vel,zero tolerance
798,7463312755,Sigmund Gladdor,dignissim vestibulum vestibulum ante ipsum,Front-line
799,5338417790,Kippie Leal,in libero ut massa,benchmark
800,9834607296,Bernard Ruspine,in faucibus orci luctus et,Synchronised
801,7097135506,Kala Elia,erat fermentum justo,paradigm
802,1400104793,Gav Sterricks,sem fusce consequat nulla,interface
803,6870554595,Ellette Kavanagh,rutrum nulla tellus in,adapter
804,7828029799,Berke Lethabridge,et ultrices posuere cubilia curae,superstructure
805,7911489432,Lenci Gemmill,congue elementum in hac habitasse,executive
806,5376952975,Kelci Headford,posuere metus vitae,incremental
807,6208225310,Ulrike Whyborne,amet diam in,Persevering
808,6106901732,Kearney Kingaby,fermentum donec ut,protocol
809,6848831956,Prentiss Krug,tortor quis turpis,Centralized
810,5305657393,Janis Toolin,diam erat fermentum,Balanced
811,9659258968,Elisabeth Cholmondeley,pretium nisl ut volutpat,Digitized
812,2256058395,Celestyn Pullen,lectus in est risus,installation
813,0767174542,Adelle Lates,amet cursus id,Ameliorated
814,8374606495,Maryanna Wilsher,neque vestibulum eget,real-time
815,2739051530,Rickert Harpur,ante vestibulum ante ipsum primis,archive
816,6224880662,Abelard Crofthwaite,tellus semper interdum mauris,Realigned
817,1662731582,Ada Muddicliffe,rutrum ac lobortis,flexibility
818,8088757967,Roxie Myerscough,semper rutrum nulla,radical
819,3058473516,Mack Jansens,in hac habitasse platea,object-oriented
820,3114591965,Kerrill Coucha,nullam sit amet turpis elementum,Enterprise-wide
821,9889670941,Binnie Sarra,sit amet eleifend pede libero,Synergistic
822,2416259393,Packston Dudman,sit amet cursus,projection
823,7379798758,Dolf Peevor,amet sem fusce consequat nulla,contingency
824,6601306673,Savina Habbijam,in quis justo maecenas,De-engineered
825,2532424214,Malachi Kupec,parturient montes nascetur ridiculus mus,Secured
826,7063800698,Johnnie Blaase,sapien a libero nam dui,circuit
827,9934899027,Michale Petrusch,tellus nulla ut erat,array
828,0766960501,Joleen Staten,ultrices mattis odio donec vitae,reciprocal
829,8605280522,Ariella Held,sapien arcu sed,Stand-alone
830,6552216750,Seth Meates,aenean auctor gravida,parallelism
831,6272382510,Tim Crimin,nibh in lectus pellentesque,directional
832,4138174109,Vanda Spottswood,cras in purus eu,next generation
833,7197626692,Bud Pack,volutpat quam pede lobortis,task-force
834,6653129888,Dyan Firman,neque vestibulum eget vulputate ut,national
835,7149572685,Arv Pickersgill,sapien sapien non,array
836,0344573524,Rori Parlett,vestibulum vestibulum ante,artificial intelligence
837,3573178995,Angelika Bruinemann,eleifend pede libero,array
838,6145841826,Rad Kelso,justo in blandit ultrices,User-centric
839,3834971227,Evelin Dodgshon,egestas metus aenean fermentum,Sharable
840,4551971766,Cyndy Bache,vel dapibus at diam nam,Extended
841,1716285453,Lynsey Barham,justo in blandit ultrices,Advanced
842,9149159542,Irwinn Toseland,eu est congue elementum in,help-desk
843,3562338341,Broddy Baglow,bibendum imperdiet nullam orci,Implemented
844,7561476086,Bendite Moors,pellentesque quisque porta,24 hour
845,7290143515,Paule Costley,nibh in quis,solution-oriented
846,3231626714,Nichole Longfut,adipiscing elit proin interdum,intranet
847,6666119002,Paxon Gorry,ante ipsum primis in,Virtual
848,6554797718,Piper Ruthven,erat fermentum justo nec condimentum,intermediate
849,4756906907,Isidora Wellfare,vel nulla eget,capacity
850,1731509588,Wileen Obern,et ultrices posuere cubilia,Business-focused
851,4462623177,Willey Cristofaro,nam ultrices libero non mattis,synergy
852,5290887121,Dougie McMeeking,nunc vestibulum ante ipsum primis,Quality-focused
853,5697421680,Ruperta Belvard,nibh quisque id justo,Business-focused
854,6232133749,Bev Zanotti,in consequat ut nulla sed,open architecture
855,0765890690,Bessie McAw,ac leo pellentesque ultrices,migration
856,1253975108,Chris Soares,eget nunc donec quis orci,User-friendly
857,1917499590,Emelia Edison,vel pede morbi,superstructure
858,1208567403,Kenon Windibank,nunc vestibulum ante ipsum primis,Customer-focused
859,0498775542,Humphrey Larrington,nulla neque libero convallis,budgetary management
860,0618382313,Skippie Lindback,faucibus orci luctus,application
861,3781373304,Corinna Gwinnel,platea dictumst maecenas ut,capability
862,1998610365,Teddie Pykerman,nulla sed accumsan,forecast
863,1321566042,Jolene Mimmack,ante ipsum primis in,Open-source
864,8631304964,Colly Thomas,pellentesque ultrices mattis odio,heuristic
865,7528057789,Lynnelle Jirieck,eros vestibulum ac est lacinia,Synergistic
866,3512015743,Jarvis Bwy,eget massa tempor convallis nulla,3rd generation
867,3527755977,Alvin Marie,dictumst morbi vestibulum velit id,methodology
868,3521147282,Thedric Basso,accumsan tortor quis turpis sed,Versatile
869,4126101101,Ludovico Rubartelli,est quam pharetra magna ac,static
870,3631693648,Sonnie Saggs,congue risus semper porta,full-range
871,6631230470,Timmy Bickers,nunc commodo placerat praesent,encoding
872,0875715508,Obidiah Effemy,velit eu est congue,high-level
873,2049916973,Erena Haselgrove,placerat praesent blandit nam nulla,Cloned
874,6999259720,Gillian Berens,natoque penatibus et,Adaptive
875,6635144870,Karrie MacConnechie,duis mattis egestas metus aenean,Customizable
876,1704379512,Burty Plose,nec nisi vulputate,approach
877,8452742223,Jany Denacamp,metus aenean fermentum donec ut,Future-proofed
878,4370020794,Rowena Cridlin,ut rhoncus aliquet pulvinar,Synchronised
879,5221360098,Hi Cesaric,enim in tempor,contingency
880,1398598461,Jerald Willerson,ac nulla sed vel,Realigned
881,3718923602,Rossie Edgerly,malesuada in imperdiet,scalable
882,5201604560,Ynes Tamburi,mi sit amet,Horizontal
883,0022130098,Sigfried Tague,cursus id turpis integer,Networked
884,9019040383,Bernette Fresson,nibh quisque id,bottom-line
885,7912942165,Marcellina Posnett,pharetra magna vestibulum aliquet,Organized
886,6996481724,Leora Alves,tortor id nulla,Multi-layered
887,2643975987,Willi Frusher,duis bibendum morbi non quam,methodical
888,8169749492,Kissie Sindell,sem duis aliquam convallis nunc,Ameliorated
889,9467660555,Neille Rawdales,morbi quis tortor id nulla,Proactive
890,2744963682,Drugi Grinvalds,a suscipit nulla elit ac,access
891,4773184302,Reena Steedman,justo etiam pretium iaculis,web-enabled
892,6289975560,Sterne Skillitt,luctus et ultrices posuere cubilia,Networked
893,7869691828,Darrick Andreoletti,mus vivamus vestibulum sagittis sapien,encoding
894,4177990167,Maggee Broster,ante ipsum primis in,upward-trending
895,6509676656,Bea Casarili,curabitur convallis duis consequat dui,projection
896,5765069568,Ford Lyness,viverra diam vitae,exuding
897,4264130980,Georgeanna Courson,lobortis sapien sapien,adapter
898,7434595213,Marybelle Andryushchenko,sit amet sapien,exuding
899,2059728525,Clyve Bigby,cubilia curae donec pharetra magna,service-desk
900,8325052546,Lavena Latham,purus phasellus in,3rd generation
901,6938777292,Shaylynn Cordrey,in imperdiet et commodo vulputate,Versatile
902,6568432768,Petrina Smythin,erat fermentum justo nec,analyzing
903,3372308646,Ulysses Jolland,massa tempor convallis nulla,hybrid
904,7992967232,Padget Hairon,neque duis bibendum,middleware
905,1423295587,Mitchell O'Heagertie,vulputate vitae nisl aenean,4th generation
906,5004952353,Audrie Beidebeke,ultrices mattis odio,projection
907,9854191540,Cecil Bicksteth,integer a nibh in,contextually-based
908,8078445547,Susann Hamblett,eleifend pede libero,info-mediaries
909,4375079878,Eartha Nottingham,elementum pellentesque quisque porta volutpat,benchmark
910,4076610474,Lay Bittany,augue quam sollicitudin vitae consectetuer,Front-line
911,4682524739,Kiersten Faley,maecenas rhoncus aliquam,holistic
912,2985967732,Nickolaus Colbron,a ipsum integer a,bi-directional
913,4469574473,Andrus Hamp,quam sapien varius ut blandit,Multi-lateral
914,9928489084,Alfonso Shelvey,sem praesent id,scalable
915,7088511282,Conni Blackham,luctus ultricies eu,productivity
916,3380702315,Martino Andriulis,faucibus orci luctus et ultrices,disintermediate
917,9029163305,Nell Toolin,porttitor lorem id ligula suspendisse,Multi-layered
918,4949552562,Ania Lufkin,tincidunt eget tempus vel,Innovative
919,4443451765,Rutter Loudon,malesuada in imperdiet et,systemic
920,2947788370,Dido Toffanini,vulputate nonummy maecenas,archive
921,4264558654,Dyann Tchaikovsky,id ligula suspendisse,multi-tasking
922,4592217535,Lonnie Kermit,purus phasellus in felis donec,capability
923,6881234503,Melisenda Menis,erat tortor sollicitudin mi sit,process improvement
924,3348714648,Tabina Mcsarry,pharetra magna vestibulum,Virtual
925,5460493471,Isaiah Dominey,bibendum morbi non quam nec,interface
926,4960502401,Temp Dwerryhouse,sit amet eleifend pede,approach
927,7589984752,Rey Magor,congue eget semper rutrum,product
928,9336335278,Vikki Breitling,suscipit a feugiat,encoding
929,9270519503,Jennica Oxby,sapien ut nunc vestibulum,radical
930,0730077632,Manuel Lear,placerat praesent blandit nam,workforce
931,4390741454,Sandor Mocker,phasellus sit amet erat nulla,customer loyalty
932,9961150376,Freida Brandle,nisl nunc rhoncus dui,zero tolerance
933,2627153951,Mara Kilgannon,ipsum primis in faucibus orci,encryption
934,8898368402,Viki Christofle,quis tortor id nulla,benchmark
935,9412640315,Magnum Fansy,lectus in quam fringilla,array
936,3735377610,Marcelo Bagshawe,praesent blandit lacinia erat,holistic
937,3942057662,Randall Benley,nullam varius nulla facilisi,real-time
938,7816936281,Darius Coatsworth,in ante vestibulum ante,standardization
939,3368668188,Dur Duck,rutrum nulla nunc,Optional
940,7579446731,Loretta Duignan,libero nam dui proin leo,Focused
941,6832919387,Justin Matus,eu sapien cursus vestibulum proin,adapter
942,4299641361,Tadeo Vise,nascetur ridiculus mus,Right-sized
943,4399576707,Car Sporner,suscipit ligula in,5th generation
944,8008574186,Ade Petrelli,vulputate justo in,model
945,1518720323,Harrison Amer,eget eleifend luctus ultricies eu,knowledge user
946,1200141172,Ulberto Leber,lorem id ligula suspendisse ornare,composite
947,2130915256,Francis Zettoi,nisi venenatis tristique fusce,contextually-based
948,4808198649,Thorstein MacKellar,amet eros suspendisse,help-desk
949,1495194337,Sherrie Greensted,sit amet erat nulla tempus,demand-driven
950,5443883844,Caryl Piggen,ante vestibulum ante ipsum primis,demand-driven
951,9484790895,Nial Prevett,proin eu mi nulla ac,De-engineered
952,0258594012,Ryon Heaps,quam sollicitudin vitae consectetuer,impactful
953,3457622582,Cathrine Calafate,nonummy maecenas tincidunt lacus,coherent
954,9565392016,Jessalin Marchenko,ullamcorper augue a suscipit nulla,impactful
955,7575452540,Doreen Cowell,odio justo sollicitudin ut,Open-architected
956,9683519504,Trumaine Onthank,vivamus metus arcu adipiscing,framework
957,6064521945,Jeanine Perren,morbi non lectus,Persistent
958,4499759978,Clevie Oriel,sed vestibulum sit amet,Assimilated
959,8822952243,Jo-anne Blacket,ante vestibulum ante,Implemented
960,8638744579,Reggy Sissel,augue a suscipit nulla elit,functionalities
961,8850130791,Jedidiah Antoniak,pede libero quis orci,high-level
962,7542927345,Foster Magauran,diam id ornare imperdiet,forecast
963,2928487743,Gael Poytheras,sed tristique in tempus sit,intermediate
964,7765241605,Baron Metzel,facilisi cras non,approach
965,8362682000,Betsy Blakeney,dui proin leo odio porttitor,Multi-channelled
966,2260830722,Rosemaria Popping,dolor vel est donec,eco-centric
967,0900099631,Inglis Sellor,nisl venenatis lacinia aenean,system engine
968,6354925437,Hedi Hirth,etiam justo etiam pretium iaculis,24/7
969,1274152569,Patience Ruppertz,venenatis turpis enim blandit,homogeneous
970,0919533299,Sigrid Cady,eleifend pede libero quis orci,Realigned
971,1268749702,Esme Friese,a pede posuere,scalable
972,8884417457,Codee Richarson,ligula suspendisse ornare,data-warehouse
973,2988404968,Elias Vakhonin,nullam molestie nibh,Open-architected
974,5139348543,Marj Harmston,pellentesque viverra pede ac,process improvement
975,6019348520,Teddy Pendlebury,non pretium quis,product
976,3845878193,Cairistiona Sherel,orci luctus et ultrices posuere,circuit
977,0333317203,Igor Windibank,sed ante vivamus,infrastructure
978,6810941932,Cozmo Mongeot,sollicitudin vitae consectetuer eget rutrum,Reverse-engineered
979,1845721438,Adham Haseman,libero quis orci nullam molestie,portal
980,3700340281,Leonelle Beagley,interdum mauris ullamcorper,model
981,6202778830,Francoise Housecroft,id ornare imperdiet sapien,Synergized
982,2867907403,Elfrieda Tumioto,pulvinar sed nisl,productivity
983,6871971335,Berti Smallcombe,dui nec nisi volutpat eleifend,next generation
984,1892819732,Ty Stringfellow,sed interdum venenatis,encoding
985,3826638387,Raine Bezemer,a libero nam dui,functionalities
986,3767625571,Chico Apted,in lectus pellentesque at,Open-source
987,6582936352,Guglielma Gosart,nec molestie sed justo,national
988,2657646972,Abba Broy,tortor id nulla,Seamless
989,4002681130,Risa Chantrell,vivamus in felis eu,Cross-group
990,9884728429,Josiah Delaney,vivamus in felis,dedicated
991,2271545021,Eldin Cholton,quam fringilla rhoncus mauris,well-modulated
992,5110399271,Charil De Lasci,iaculis justo in hac,even-keeled
993,3959852584,Mureil Ferrar,ullamcorper augue a,background
994,7169796600,Antoni Heady,luctus nec molestie,Up-sized
995,3844358587,Chick Longstaff,sapien non mi integer,Programmable
996,7692813124,Gale Pachmann,et magnis dis,bandwidth-monitored
997,5998223993,Turner Huller,felis sed lacus morbi sem,concept
998,2004032634,Shayne Stollhofer,blandit ultrices enim lorem ipsum,Phased
999,5465285818,Clim Kowal,tincidunt lacus at velit vivamus,Implemented
1000,8029655258,Sim Sall,erat fermentum justo,radical
